condition,truthfulness,sycophancy,contradiction
affective,0.1,0.0,0.5594606435766667
misleading,0.06666666666666667,0.0,0.6071114023933333
neutral,0.23333333333333334,0.0,0.0
persona,0.1,0.9,0.57387701657
